"Status","Start Time","Stop Time","Duration in ms","Parent Suite","Suite","Sub Suite","Test Class","Test Method","Name","Description"
"passed","Fri Dec 18 10:54:36 CST 2020","Fri Dec 18 10:54:36 CST 2020","0","","test_calc2","TestCalc","","","test_mul[minus]",""
"passed","Fri Dec 18 10:54:36 CST 2020","Fri Dec 18 10:54:36 CST 2020","0","","test_calc2","TestCalc","","","test_sub[minus]",""
"passed","Fri Dec 18 10:54:36 CST 2020","Fri Dec 18 10:54:36 CST 2020","0","","test_calc2","TestCalc","","","test_div[int]",""
"passed","Fri Dec 18 10:54:35 CST 2020","Fri Dec 18 10:54:35 CST 2020","0","","test_calc2","TestCalc","","","test_add[bigint]",""
"passed","Fri Dec 18 10:54:36 CST 2020","Fri Dec 18 10:54:36 CST 2020","0","","test_calc2","TestCalc","","","test_div[minus]",""
"passed","Fri Dec 18 10:54:36 CST 2020","Fri Dec 18 10:54:36 CST 2020","0","","test_calc2","TestCalc","","","test_mul[int]",""
"passed","Fri Dec 18 10:54:35 CST 2020","Fri Dec 18 10:54:35 CST 2020","0","","test_calc2","TestCalc","","","test_sub[int]",""
"passed","Fri Dec 18 10:54:36 CST 2020","Fri Dec 18 10:54:36 CST 2020","0","","test_calc2","TestCalc","","","test_sub[bigint]",""
"passed","Fri Dec 18 10:54:36 CST 2020","Fri Dec 18 10:54:36 CST 2020","0","","test_calc2","TestCalc","","","test_div[bigint]",""
"passed","Fri Dec 18 10:54:35 CST 2020","Fri Dec 18 10:54:35 CST 2020","0","","test_calc2","TestCalc","","","test_add[minus]",""
"passed","Fri Dec 18 10:54:35 CST 2020","Fri Dec 18 10:54:35 CST 2020","0","","test_calc2","TestCalc","","","test_module2",""
"passed","Fri Dec 18 10:54:36 CST 2020","Fri Dec 18 10:54:36 CST 2020","0","","test_calc2","TestCalc","","","test_mul[bigint]",""
"passed","Fri Dec 18 10:54:35 CST 2020","Fri Dec 18 10:54:35 CST 2020","0","","test_calc2","TestCalc","","","test_add[int]",""
"passed","Fri Dec 18 10:54:35 CST 2020","Fri Dec 18 10:54:35 CST 2020","0","","test_calc2","TestCalc","","","test_module1",""
